dataset,child_id,ses_category,ses_label,ses_scope,ses_source_type,ses_source_url,ses_source_note,ses_confidence,race_ethnicity,race_scope,race_source_type,race_source_url,race_source_note,race_confidence,parental_education,parental_education_scope,parental_education_source_url,parental_education_source_note,notes
Belfast,*,upper_working_class,upper-working-class children,corpus_level,official_talkbank_page,https://talkbank.org/childes/access/Eng-UK/Belfast.html,Project description describes the study as eight upper-working-class children in Belfast; recruitment targeted families with local input from upper-working-class and lower-middle-class adults.,high,unknown,unknown,,,,unknown,,,,Overrides local CHAT MC tag because official corpus description is more specific.
Brown,Adam,middle_class,middle-class well-educated family,child_specific,official_talkbank_page,https://talkbank.org/childes/access/Eng-NA/Brown.html,Official Brown page describes Adam's family as middle class and well educated.,high,Black,child_specific,official_talkbank_page,https://talkbank.org/childes/access/Eng-NA/Brown.html,Official Brown page describes Adam as Black and as a Standard American English speaker rather than an AAE speaker.,high,well_educated_family,child_specific,https://talkbank.org/childes/access/Eng-NA/Brown.html,Official Brown page describes Adam's family as well educated.,
Brown,Sarah,working_class,working-class family,child_specific,official_talkbank_page,https://talkbank.org/childes/access/Eng-NA/Brown.html,Official Brown page describes Sarah as the child of a working-class family.,high,unknown,unknown,,,,unknown,,,,No source found for race/ethnicity.
Brown,Eve,unknown,unknown,unknown,,,,unknown,unknown,unknown,,,,unknown,,,,Official Brown page does not appear to provide Eve SES/class or race/ethnicity.
Demetras1,*,unknown,unknown,unknown,,,,unknown,unknown,unknown,,,,unknown,,,,Official TalkBank page does not appear to provide SES/class or race/ethnicity.
Forrester,*,middle_class,middle-class participants,corpus_level_single_child,official_talkbank_page,https://talkbank.org/childes/access/Eng-UK/Forrester.html,Official Forrester page states all participants in the dialogs are British white and middle class.,high,White,corpus_level_single_child,official_talkbank_page,https://talkbank.org/childes/access/Eng-UK/Forrester.html,Official Forrester page states all participants in the dialogs are British white and middle class.,high,unknown,unknown,,,One-child corpus; corpus-level description effectively applies to the included child/family.
Kuczaj,*,unknown,unknown,unknown,,,,unknown,unknown,unknown,,,,unknown,,,,Official TalkBank page does not appear to provide SES/class or race/ethnicity.
Lara,*,high_parental_education,two white university-graduate parents,child_specific,official_talkbank_page,https://talkbank.org/childes/access/Eng-UK/Lara.html,Official Lara page describes Lara as the first-born monolingual English daughter of two white university graduates.,high,White,child_specific,official_talkbank_page,https://talkbank.org/childes/access/Eng-UK/Lara.html,Official Lara page describes Lara as the daughter of two white university graduates.,high,two_university_graduate_parents,child_specific,https://talkbank.org/childes/access/Eng-UK/Lara.html,Official Lara page describes both parents as university graduates.,
Manchester,*,middle_class,predominantly middle-class families,corpus_level_predominant,official_talkbank_page,https://talkbank.org/childes/access/Eng-UK/Manchester.html,Official Manchester page says SES was not a recruitment criterion but children were from predominantly middle-class families.,medium,unknown,unknown,,,,unknown,,,,This is corpus-level and not child-specific.
MPI-EVA-Manchester,*,unknown,unknown,unknown,,,,unknown,unknown,unknown,,,,unknown,,,,Official TalkBank page does not appear to provide SES/class or race/ethnicity.
Post,*,working_class,predominantly white working-class rural Southern community,community_or_study_population,official_talkbank_page,https://talkbank.org/childes/access/Eng-NA/Post.html,Official Post page says the area was chosen as a rural Southern community with a predominantly white working-class population and that participating families lived in that community.,medium,predominantly_white_community,community_description,official_talkbank_page,https://talkbank.org/childes/access/Eng-NA/Post.html,Official Post page describes the community as predominantly white; this is not an individual child race code.,low,unknown,unknown,,,Use class more confidently than race; race remains community-level only.
Providence,*,unknown,unknown,unknown,official_talkbank_page,https://talkbank.org/phon/access/Eng-NA/Providence.html,Official Providence page provides sex age sessions and monolingual home interaction description but no SES/class or race/ethnicity.,none,unknown,unknown,official_talkbank_page,https://talkbank.org/phon/access/Eng-NA/Providence.html,Official Providence page does not appear to provide race/ethnicity.,none,unknown,unknown,,,Ethan later diagnosed with Asperger's at age 5 per official page; not SES/race.
Sachs,*,unknown,unknown,unknown,,,,unknown,unknown,unknown,,,,unknown,,,,Official TalkBank page does not appear to provide SES/class or race/ethnicity.
Weist,*,middle_class_professional_parents,middle-class homes with professional parents,corpus_level,official_talkbank_page,https://talkbank.org/childes/access/Eng-NA/Weist.html,Official Weist page says all Fredonia children came from middle-class homes and their parents were professionals.,high,unknown,unknown,,,,unknown,professional_parents,corpus_level,https://talkbank.org/childes/access/Eng-NA/Weist.html,Official Weist page says parents were professionals.,
Wells,*,unknown,unknown,unavailable_in_current_metadata,official_talkbank_page,https://talkbank.org/childes/access/Eng-UK/Wells.html,Official Wells page says family-background details were collected and used for sample design but the current local extracted metadata and page do not expose per-child SES/class values.,none,unknown,unknown,,,,unknown,unknown,unknown,,,Potentially recoverable only from deeper original Wells materials if available.
